,participant_id
0,1
1,2
2,3
3,4
6,7
7,8
9,10
11,12
12,13
16,17
17,18
19,20
21,22
23,24
24,25
26,28
27,29
28,30
29,31
31,33
32,34
35,38
36,40
38,43
40,46
43,51
44,52
49,57
50,59
51,60
52,62
53,64
54,66
55,68
56,69
58,72
62,77
63,78
70,88
71,89
72,90
76,94
77,95
80,98
81,99
83,102
89,114
91,117
92,119
93,120
100,128
101,130
102,131
103,132
106,135
107,136
110,140
113,143
118,148
122,152
125,155
127,157
128,159
129,160
130,161
131,162
132,163
133,165
134,167
138,172
139,173
140,174
145,184
146,185
151,190
153,192
171,211
174,214
185,226
187,228
199,240
211,252
219,260
220,261
222,263
223,264
228,269
232,274
233,275
237,279
238,280
241,283
244,286
247,289
252,294
253,295
254,296
255,298
259,302
262,306
265,309
267,311
268,312
269,313
271,317
272,318
273,321
275,325
277,328
279,331
280,332
282,335
284,339
285,341
286,343
287,346
288,347
289,348
290,349
294,357
295,358
298,361
302,367
304,369
306,374
307,375
308,376
314,382
317,385
333,401
339,408
340,409
341,410
347,421
348,424
349,425
350,428
351,430
353,432
354,433
357,438
359,440
362,443
366,449
367,450
369,452
370,453
372,455
373,456
377,460
383,466
386,469
387,471
388,472
389,473
390,474
392,476
394,478
395,479
398,482
399,483
403,487
405,489
406,491
408,493
409,494
412,497
413,499
415,501
416,502
419,506
427,514
429,516
432,520
439,530
446,537
453,545
455,547
458,550
463,555
464,556
466,559
478,571
479,572
480,573
483,576
486,579
489,582
491,584
492,585
501,596
502,597
503,598
510,606
512,608
514,610
517,617
520,620
522,622
523,624
524,625
534,638
541,646
542,647
549,660
551,663
552,664
565,678
577,789
578,790
579,791
584,898
587,902
590,911
591,912
593,917
595,920
596,921
598,923
599,924
602,927
603,928
604,929
605,930
606,932
608,944
609,945
610,949
611,951
612,954
613,955
615,958
621,972
622,973
624,975
626,979
629,990
631,997
632,998
633,1000
634,1003
635,1004
636,1007
637,1012
638,1013
641,1017
642,1019
644,1021
645,1022
646,1027
647,1028
649,1030
651,1035
652,1037
653,1041
655,1049
656,1050
658,1055
659,1056
660,1057
661,1058
663,1060
668,1067
669,1072
671,1074
672,1080
673,1082
674,1083
676,1086
677,1087
680,1090
681,1091
684,1100
685,1102
686,1103
687,1104
688,1105
689,1106
692,1109
693,1111
694,1114
695,1115
698,1125
699,1127
700,1130
701,1131
702,1132
703,1134
706,1137
707,1142
710,1145
711,1147
712,1148
714,1152
716,1156
719,1163
722,1166
723,1168
726,1175
727,1179
728,1183
729,1185
730,1187
731,1188
735,1199
736,1200
737,1202
738,1205
739,1206
740,1207
744,1215
748,1225
750,1234
752,1236
753,1239
755,1242
756,1243
758,1246
760,1250
763,1255
767,1262
769,1268
770,1269
771,1276
772,1277
774,1279
776,1284
780,1291
781,1292
782,1299
783,1300
785,1302
786,1303
787,1304
788,1305
789,1307
791,1311
792,1314
793,1315
794,1316
795,1317
796,1319
799,1323
800,1324
802,1332
803,1333
804,1335
806,1344
807,1346
808,1354
810,1363
814,1374
815,1376
819,1402
820,1411
834,1460
849,1491
0,1_tca
1,3_tca
2,4_tca
4,6_tca
5,15_tca
6,16_tca
7,17_tca
8,19_tca
9,21_tca
10,22_tca
11,24_tca
12,25_tca
13,144_tca
14,37_tca
15,45_tca
16,46_tca
17,49_tca
18,50_tca
19,51_tca
20,53_tca
21,54_tca
22,56_tca
23,57_tca
24,58_tca
25,59_tca
26,60_tca
27,61_tca
28,62_tca
29,63_tca
30,64_tca
31,65_tca
32,66_tca
33,67_tca
35,68_tca
38,70_tca
39,71_tca
40,72_tca
41,73_tca
42,74_tca
43,75_tca
44,76_tca
45,77_tca
46,78_tca
47,80_tca
48,81_tca
49,82_tca
50,83_tca
51,84_tca
52,85_tca
53,87_tca
54,88_tca
55,89_tca
56,90_tca
57,91_tca
58,95_tca
59,96_tca
60,97_tca
61,98_tca
62,99_tca
63,100_tca
64,101_tca
65,103_tca
66,105_tca
67,106_tca
68,107_tca
69,108_tca
70,109_tca
71,110_tca
72,111_tca
73,112_tca
74,113_tca
75,114_tca
76,117_tca
77,118_tca
78,119_tca
79,122_tca
80,125_tca
81,126_tca
85,128_tca
86,129_tca
87,130_tca
88,131_tca
89,132_tca
90,133_tca
91,134_tca
93,137_tca
95,141_tca
96,142_tca
98,159_tca
99,166_tca
110,181_tca
119,190_tca
120,191_tca
121,192_tca
122,193_tca
123,195_tca
